{
  "embedding_probe": {
    "accuracy": 0.824,
    "macro_f1": 0.823739402052655,
    "per_class": {
      "macro": {
        "precision": 0.8205645161290323,
        "recall": 0.814,
        "f1": 0.8172690763052208,
        "support": 500
      },
      "meso": {
        "precision": 0.8818897637795275,
        "recall": 0.896,
        "f1": 0.8888888888888888,
        "support": 500
      },
      "micro": {
        "precision": 0.7681451612903226,
        "recall": 0.762,
        "f1": 0.7650602409638554,
        "support": 500
      }
    },
    "confusion_matrix": [
      [
        407,
        17,
        76
      ],
      [
        13,
        448,
        39
      ],
      [
        76,
        43,
        381
      ]
    ],
    "label_order": [
      "macro",
      "meso",
      "micro"
    ]
  },
  "majority_baseline": {
    "accuracy": 0.3333333333333333,
    "macro_f1": 0.16666666666666666,
    "per_class": {
      "macro": {
        "precision": 0.0,
        "recall": 0.0,
        "f1": 0.0,
        "support": 500
      },
      "meso": {
        "precision": 0.3333333333333333,
        "recall": 1.0,
        "f1": 0.5,
        "support": 500
      },
      "micro": {
        "precision": 0.0,
        "recall": 0.0,
        "f1": 0.0,
        "support": 500
      }
    },
    "confusion_matrix": [
      [
        0,
        500,
        0
      ],
      [
        0,
        500,
        0
      ],
      [
        0,
        500,
        0
      ]
    ],
    "label_order": [
      "macro",
      "meso",
      "micro"
    ],
    "predicted_class": "meso"
  },
  "section_name_baseline": {
    "accuracy": 0.83,
    "macro_f1": 0.8266833924865579,
    "per_class": {
      "macro": {
        "precision": 1.0,
        "recall": 0.984,
        "f1": 0.9919354838709677,
        "support": 500
      },
      "meso": {
        "precision": 0.6842105263157895,
        "recall": 0.91,
        "f1": 0.7811158798283262,
        "support": 500
      },
      "micro": {
        "precision": 0.8688046647230321,
        "recall": 0.596,
        "f1": 0.7069988137603797,
        "support": 500
      }
    },
    "confusion_matrix": [
      [
        492,
        8,
        0
      ],
      [
        0,
        455,
        45
      ],
      [
        0,
        202,
        298
      ]
    ],
    "label_order": [
      "macro",
      "meso",
      "micro"
    ]
  },
  "n_train": 3704,
  "n_test": 1500,
  "train_papers": 613,
  "test_papers": 197,
  "paper_overlap": [],
  "condition": "cross_domain_external",
  "train_domain": "NLP",
  "test_domain": "biomedicine",
  "source_corpus_shift": "QASPER to PMC BioC"
}