{
  "embedding_probe": {
    "accuracy": 0.8857677902621723,
    "macro_f1": 0.885782697510725,
    "per_class": {
      "macro": {
        "precision": 0.883289124668435,
        "recall": 0.8975741239892183,
        "f1": 0.8903743315508021,
        "support": 371
      },
      "meso": {
        "precision": 0.8920454545454546,
        "recall": 0.9317507418397626,
        "f1": 0.9114658925979681,
        "support": 337
      },
      "micro": {
        "precision": 0.8820058997050148,
        "recall": 0.8305555555555556,
        "f1": 0.8555078683834049,
        "support": 360
      }
    },
    "confusion_matrix": [
      [
        333,
        15,
        23
      ],
      [
        6,
        314,
        17
      ],
      [
        38,
        23,
        299
      ]
    ],
    "label_order": [
      "macro",
      "meso",
      "micro"
    ]
  },
  "majority_baseline": {
    "accuracy": 0.3155430711610487,
    "macro_f1": 0.15990510083036774,
    "per_class": {
      "macro": {
        "precision": 0.0,
        "recall": 0.0,
        "f1": 0.0,
        "support": 371
      },
      "meso": {
        "precision": 0.3155430711610487,
        "recall": 1.0,
        "f1": 0.4797153024911032,
        "support": 337
      },
      "micro": {
        "precision": 0.0,
        "recall": 0.0,
        "f1": 0.0,
        "support": 360
      }
    },
    "confusion_matrix": [
      [
        0,
        371,
        0
      ],
      [
        0,
        337,
        0
      ],
      [
        0,
        360,
        0
      ]
    ],
    "label_order": [
      "macro",
      "meso",
      "micro"
    ],
    "predicted_class": "meso"
  },
  "section_name_baseline": {
    "accuracy": 0.7883895131086143,
    "macro_f1": 0.7849997637462467,
    "per_class": {
      "macro": {
        "precision": 1.0,
        "recall": 0.9811320754716981,
        "f1": 0.9904761904761905,
        "support": 371
      },
      "meso": {
        "precision": 0.6490765171503958,
        "recall": 0.7299703264094956,
        "f1": 0.6871508379888268,
        "support": 337
      },
      "micro": {
        "precision": 0.7138461538461538,
        "recall": 0.6444444444444445,
        "f1": 0.6773722627737226,
        "support": 360
      }
    },
    "confusion_matrix": [
      [
        364,
        5,
        2
      ],
      [
        0,
        246,
        91
      ],
      [
        0,
        128,
        232
      ]
    ],
    "label_order": [
      "macro",
      "meso",
      "micro"
    ]
  },
  "n_train": 3704,
  "n_test": 1068,
  "train_papers": 613,
  "test_papers": 177,
  "paper_overlap": [],
  "condition": "in_domain",
  "domain": "NLP",
  "train_domain": null,
  "test_domain": null
}