{
  "embedding_probe": {
    "accuracy": 0.7790262172284644,
    "macro_f1": 0.7803181928236648,
    "per_class": {
      "macro": {
        "precision": 0.7723577235772358,
        "recall": 0.7681940700808625,
        "f1": 0.7702702702702703,
        "support": 371
      },
      "meso": {
        "precision": 0.8333333333333334,
        "recall": 0.8308605341246291,
        "f1": 0.8320950965824666,
        "support": 337
      },
      "micro": {
        "precision": 0.7355371900826446,
        "recall": 0.7416666666666667,
        "f1": 0.7385892116182573,
        "support": 360
      }
    },
    "confusion_matrix": [
      [
        285,
        23,
        63
      ],
      [
        24,
        280,
        33
      ],
      [
        60,
        33,
        267
      ]
    ],
    "label_order": [
      "macro",
      "meso",
      "micro"
    ]
  },
  "majority_baseline": {
    "accuracy": 0.3155430711610487,
    "macro_f1": 0.15990510083036774,
    "per_class": {
      "macro": {
        "precision": 0.0,
        "recall": 0.0,
        "f1": 0.0,
        "support": 371
      },
      "meso": {
        "precision": 0.3155430711610487,
        "recall": 1.0,
        "f1": 0.4797153024911032,
        "support": 337
      },
      "micro": {
        "precision": 0.0,
        "recall": 0.0,
        "f1": 0.0,
        "support": 360
      }
    },
    "confusion_matrix": [
      [
        0,
        371,
        0
      ],
      [
        0,
        337,
        0
      ],
      [
        0,
        360,
        0
      ]
    ],
    "label_order": [
      "macro",
      "meso",
      "micro"
    ],
    "predicted_class": "meso"
  },
  "section_name_baseline": {
    "accuracy": 0.7883895131086143,
    "macro_f1": 0.7849997637462467,
    "per_class": {
      "macro": {
        "precision": 1.0,
        "recall": 0.9811320754716981,
        "f1": 0.9904761904761905,
        "support": 371
      },
      "meso": {
        "precision": 0.6490765171503958,
        "recall": 0.7299703264094956,
        "f1": 0.6871508379888268,
        "support": 337
      },
      "micro": {
        "precision": 0.7138461538461538,
        "recall": 0.6444444444444445,
        "f1": 0.6773722627737226,
        "support": 360
      }
    },
    "confusion_matrix": [
      [
        364,
        5,
        2
      ],
      [
        0,
        246,
        91
      ],
      [
        0,
        128,
        232
      ]
    ],
    "label_order": [
      "macro",
      "meso",
      "micro"
    ]
  },
  "n_train": 3704,
  "n_test": 1068,
  "train_papers": 613,
  "test_papers": 177,
  "paper_overlap": [],
  "condition": "length_controlled",
  "domain": "NLP",
  "train_domain": null,
  "test_domain": null
}