{
  "normal_macro_f1": 0.885782697510725,
  "length_controlled_macro_f1": 0.7803181928236648,
  "macro_f1_delta": -0.1054645047,
  "tolerance": 0.01,
  "interpretation": "drops"
}